text,label
"Aerodynamics are particularly important when it comes to maximizing battery range. Also, EV's need fewer cooling vents, air intakes, etc. and changes in lighting technology/regulations allow for more curved/smooth designs.",assertion
"I recall reading that the most aerodynamic shape is the teardrop, with round end facing forward. This is why raindrops will form in this shape naturally. When you get into supersonic speeds, this changes but no commercial automobile will even come close.Car designers have to also factor in safety features so that’s why you don’t see people driving around in teardrops, drivers are seated at least one meter behind the front as you need a crumple zone.",reasoning
"That's the mammalian diving reflex! It's more pronounced in children and human groups that still do a lot of deep-sea diving, but any adult human has it to some extent. In larger doses, it helps to keep the body warm and preserve oxygen while underwater, but it's much more important for, like, otters than it is for you.",reasoning
"The body tries to protect internal organs from cold shock.This involves constricting surface-layer blood vessels (so that less blood circulates near the skin) and trying to oxygenate the blood in order to support the expected higher metabolism from cells activating to increase temperature (which results in rapid breathing). It's not very effective in humans (in fact, the effect is almost entirely detrimental if you end up in cold water), but the response is almost entirely neurogenic and it's a reflex present in pretty much all mammals, so the fundamentals of it is probably a leftover from early in mammal evolution (like, 60+ million years ago) and unless you belong to a species that frequently ended up in cold water (for example if you're a polar bear or an otter) there hasn't been enough evolutionary pressure to select against it.",reasoning
"Can confirm.When I learned CPR, we were told (assuming we had 2 or 3 people with us) to do CPR for no more than 2 minutes, then trade off. We had to drill the trade-off until we got that perfect - meaning I often ended up on my butt throwing myself out of the way of the next person, but we never even slowed the rhythm of chest compressions.2 minutes is exhausting, especially if you know you have just a few minutes before you have to do it again.I've spoken with EMTs who say they've been part of 10-people chains to administer CPR, and they say even that is exhausting.Keep in mind, you're kneeling over the person and pushing the top of their chest down AT LEAST a fist deep into their chest. Over and over and over (once per beat of the songs ""Stayin' Alive"" or ""Another One Bites the Dust""). If you're not exhausted, and if you haven't broken bones, you're actively letting your patient's brain die from lack of oxygen.",analogy
"Because firefighters are trained in basic life saving methods, and you cannot guarantee that the ambulance will arrive first. Time is of the essence.",assertion
"Where I live in the US, at least, it's typical for the fire trucks to get there first, by a fair chunk of time. In my city, there are about as many fire trucks as there are ambulances on duty at any given time, a lot more medical emergencies than fires, fire trucks don't transport patients, and the trucks don't typically get sent to 'low-risk' calls (If you call an ambulance because you hurt your arm, they probably won't dispatch a fire truck).So, all around, the fire department is more likely to be available to immediately head towards an emergency.",analogy
"Fire departments usually have a smaller territory too, especially if you're in a city. Ambulances are usually run by a health system or dedicated ambulance system and could cover larger areas. So, the nearest ambulance could be several miles away, while the nearest fire department is a few blocks away.",reasoning
"A paramedic friend of mine likes to say ""Lift with your firefighters, not your back.""",analogy
"In Finland, the fire service and paramedics are pretty much the same group of people - a lot of fire service personnel are trained paramedics; or at minimum have the skills and equipment to assist.In all of these cases, it comes down to speed. The UK for example has first responders on motorcycles - they can get to someone VERY quickly and start treatment before the ambulance or other services arrive.",reasoning
"Firefighters are trained in moving unconscious people around. When my mother in law had what we thought was a stroke upstairs in her room, my wife and I could barely move her. The firemen showed up, gently scooped her onto the stretcher, and got her into the ambulance.MIL turned out to be fine, and the best part is she is a gym fanatic and happens to go to the same gym all the firemen go to. So they recognized her immediately and I have to say, it was heart warming to see how caring they were. ""Gym lady can't be sick! She's always working out!! She'll be fine!"". They came by and checked on her the following week in their truck. It was adorable.",analogy
"Firefighter are first respondant because it's easier for them to be dispatched as they have a fixed base (the fire station) whilst ambulances can be at different location at any time (either waiting, either helping out or doing patient transport)",assertion
"I’m a paramedic and the service I work for is a combination fire and EMS department, so we are all firefighters and at a minimum Advanced EMTs, but there is at least one firefighter paramedic on the ambulance at all times. Many of the lieutenants and engine drivers are also paramedics.",analogy
"Because some are trained EMT's and can get to scenes before ambulances sometimes. Also. If they are all responding to a scene where there's a fairly obese person needing help, those extra hands can help a lot.",assertion
I was a volunteer fireman in my rural community for 10 years. In most cases we could be on the scene long before an ambulance got there. And sometimes that was a good thing.,analogy
Fire is often the closest emergency response ... and they generally carry paramedics.,assertion
In my experience in a rural area firefighters are often able to get to the scene much quicker than an ambulance. Firefighters have some EMS training and they drive fire trucks.,analogy
"Because doors might need to be broken open, strong men might be needed to move or help move things or people.",assertion
In my town they roll the fire trucks every time an ambulance goes out on a vehicle accident in case of fluid leaking and possible fire. Not to in home medical emergencies.,analogy
"Its incase tescue efforts are needed, not just medical efforts",assertion
"EMS Dispatch Supervisor - Fire engines usually consist of paramedics as well as EMT's. In the event of someone not conscious, not breathing, having extra eyes/hands and equipment is the difference of life and death. The processes dispatch takes determines whether a fire engine will go or not, it usually depends on nature/severity of the call. Someone with a stomachache at a nursing home? No fire. Someone at home that was found in their basement not breathing and cold? Fire will most likely go.",analogy
The faster someone gets assistance in a life threatening emergency the greater the chance they will recover. Fire trucks can generally get to your house faster than the ambulance can because they are probably closer. Fire fighters have enough medical training to start providing some medical aid for most medical issues. They stabilize the patient until ems can get on scene and can provide better care and then transport to a hospital.,reasoning
That seems like a crazy thing to do. Why tie up a fire engine like that. Call it when/if it’s needed and let ambulances deal with medical emergencies ,reaction
"Budgetary tactics: It inflates A fire departments call count, so the city will not slowly shrink their budget. By going on calls where they were non zero possibility that they were needed, they can inflate their call count, so at the next city council meeting, they can argue to the council that you shouldn't take away money from our budget since we went on this many calls, even though most of those call didn't have a fire.",reasoning
"Many/most firefighters are trained and certified EMT’s(some are actually paramedics). Often times, they can be closer to any given call location (due to strategically located fire stations located through cities/communities)(in many cities/counties there are more fire fighters than dedicated EMT’s and paramedics on any given shift) and can get to the call faster and start evaluating/treating the patient until the dedicated EMT’s or paramedics can arrive, which speeds things up considerably, especially in certain “load and go” scenarios. Also, depending on the call itself, they may be needed for assistance, such as moving a very large and/or unconscious patient or to even drive the ambulance to the hospital while the paramedic works the patient.",reasoning
"I’m in Canada. This doesn’t happen automatically here in the same way it seems to in the states, but there are some things that the firefighters have/can do that ambulances don’t/can’t.For example, I’ve had to call 911 a few times for croup, and if it’s severe enough to need inhaled epinephrine, that’s carried and administered by the firefighters rather than the ambulance folks.",analogy
"Here when you call 911 for a medical issue they send a fire truck. If you need transport, they call an ambulance.",assertion
"There are typically more fire engines available to respond than ambulances. It takes a lot of resources to put out a fire, but something is not on fire all the time; fire stations are spread out for a quick response to an incipient fire, so our station placement also works well to intervene quickly in a medical or trauma emergency. In California, most counties contract with a private ambulance company, which scales available-ambulances depending on historical demand (flex staffing). There might be only a handful of ambulances on late at night, whereas the fire engines are always there (constant staffing).",reasoning
"I worked in a hospital for 23yrs. Many of the ambulance crew were on the smaller side physically. I asked one of them how they got larger patients out of houses. ""Firemen"" was the answer.Also, not every emergency call requires an ambulance, so the fire dept is often first on the scene. They can provide medical assistance and call for an ambulance if needed.",analogy
"Dispatch here.In our county we have 20 ambulances on duty 24 hours a day. We also have 45 firehouses across 8 departments. When a medical call occurs, most of the time a fire unit is WAY closer to the call than any ambulance.",analogy
"Because they can. Fire departments are usually staffed with a bunch of guys who are sitting around waiting. If you've got the people handy and sitting idle, why not go? Never know when you might need an extra few hands.",assertion
Firefighter here.Depending on the department and where you live the ambulance can be in house (from the fire department itself) or contracted out to a private company to respond with the fire engine.,analogy
"If you eat all the sugar and drink all the water at once, your body will assume abundance and do things to process and get rid of it. If your body is slightly dehydrated and you drink tiny amounts of water at a time, it won't immediately flush that water out of your body and instead preserve it.Sugar is similar, your body will process through it fast by giving you a sugar high followed by a crash. Slowly introduce it and your body will use the calories and sugars sparingly.",reasoning
"In an emergency it is important to not ration water artificially. If you are thirsty you should drink. However, you shouldn't go chugging the whole canteen and hoping shit works out either, but if you are legitimately thirsty that is the sign to drink.",analogy
"When I was about 9 or 10, I got lost on a hike with my dad and grandad, in the Australian bush on a 42°C day. It was a truly awful experience, what was meant to be a 1-2 hour easy bushwalk turned into over 36km of brutal marching in the heat before we found a road. We'd packed water and snacks for a short hike. All that ran out as expected. My dad, with his army training, collected some water out of a muddy puddle in a mostly dry creek bed, filtered it through a bandage out of his first aid kit, and forced me to drink it. 😭 The was kangaroo poo in the water. It was awful. I cried. But we did survive, and as far as I recall, I didn't even get sick from it. Those few disgusting sips might have saved my life!
 I never went on a Sunday hike with my family again.",reaction
"Also, it takes a while for the body to process water. If you know you're gonna be active in a dry and hot environment, you should hydrate well before going.",assertion
"Drink the dirty water now to survive, and you can deal with the pathogens later",assertion
I wouldnt necessery say that its a good idea but its still preferable than dying od thirst.,reaction
"My vet used to say ""the wrong food is better than no food"" and I think the same can apply for water. Any water is better than no water.",analogy
Basically every survival book I've read says to drink your water when you are thirsty and that people have died of dehydration with water still in their canteens.,analogy
"In a normal diet it is negligible, you won't have significant metabolic deviation from a chocolate bar. The deviation is predicated on being severely calorie limited. Think more about net % change not discrete change. When total cals = 1 chocolate bar, 1/5th of a bar is significant. When total cals = 20 chocolate bars 1/5th of a bar is nearly insignificant.",reasoning
"Inside of your question is a false premise. It's actually recommended to drink water when you are thirsty even in situations like that. People are found dead of dehydration with water on them, trying to conserve, and then heat stroke or whatever",reasoning
Also reminds me of that one competitor on the tv show Alone who was taken out by the medical team for starvation with his shelter full of dried fish he was stockpiling…,reaction
"The also missed understanding is that rationing isn’t about lasting 48 from a glass of water and a chocolate bar. It’s so you can survive 4 weeks, on the provisions that would would otherwise consume in 2-3 weeks",analogy
"Yes, and: The received wisdom up to the early-to-mid 20th century was that people ""acclimate"" to desert conditions, or that people conditioned to living in deserts can perform better with less water than people not used to living in deserts. Nope. If you have access to water, you will perform better if you're drinking loads of it in the heat. Old History Channel clip about how the Israelis did some experiments on this before the Six-Day War: https://www.youtube.com/watch?v=QUIgnoMTh0I",reasoning
I feel like this is some old-timey misunderstanding of the fact that people in hot areas are “better acclimated to heat” because of how they are dressed. They probably lose less water through sweating due to their intentionally loose-fitting clothing acting like little portable air conditioners so they “drink less“ water to the eyes of foreigners.,analogy
must be human nature. It's like playing video games you save all the items you get incase you need them for later and end up beating the game having not used them,analogy
"For food, the food gets broken down and then the energy is in your bloodstream where it can be used or stored as fat. It’s not a perfect toy efficient storage process so using it directly can allow you to get more energy out of. But my understanding is that it’s hard to measure. Water it’s not always as clear. There are many cases of people trying to ration water and dying with water still in their bottle. I’m not saying you should or shouldn’t, just that it’s still debated.",reasoning
"you can die from lack of water WAY faster than you can die from lack of food, which is why it is important not to ration water.",assertion
But never drink raw sea water. It makes dehydration worse. You can make a solar still and evaporate sea water into fresh water,assertion
"If it takes 1 log per hour to keep the fire burning, does dumping 8 logs on the fire make it last for 8 hours?",analogy
"Converting a resource to and from storage is not a 100% efficient process; the act of transformation requires energy. Making numbers up, let's say you lose 8% when you convert calories to fat and another 8% when you convert fat to energy. If you're using it immediately, that transition doesn't happen. If you're converting and then reconverting, you're down to about 85% efficiency (losing 8% converting from food to fat, then 8% of the remaining 92% converting from fat to energy).",reasoning
You should actually consume the water as soon as you feel thirsty and ignore the food. Food costs water to process. Water is much more important than food. You can survive much longer without food. Dehydration quickly becomes debilitating and can kill you in a few days.,reasoning
"The feeling of hunger and thirst are more tied to your usual habits rather than actual need. Your body basically just gets used to your usual rhythym of water and food intake and sets a schedule of when to send signals to you to feel hungry and thirsty, and it does that via hormones.",reasoning
"Your body is capable of consuming more than it can use, and when it does so, you release more unused.For example, if you drink a bunch of water right now, you'll have to pee pretty quickly, there will be a lot of it, and that pee will be very clear (so not a lot of other waste is getting expelled with it). If you take that same amount of water over the course of a day, you'll pee less total out as your body will absorb and use more of it.",analogy
"At least for water, rationing is considered by experts to be a huge mistake. You should not ration your water in an emergency - it won't help, it will actually hurt.
As for food: In a short-term scenario (your 48 hour scenario) it's almost certainly a bad idea . In order to rescue yourself from a bad situation, you likely need energy and maximum intelligence, and being hungry hurts both.",assertion
"A lot goes to waste. Illustrative example (my numbers might be off), if you drink half a gallon of water in 5 minutes and then don't drink again for 7 hours, you're going to pee a lot after 10 minutes and then be really thirsty at the 6 hour and 50 minute mark; whereas if you drink half a gallon of water evenly over the course of 7 hours you're going to pee a little and not be thirsty after 7 hours.",analogy
"For 48h, it probably doesn't matter when you eat.
You might want to save the chocolate for when you need a boost of energy, but you aren't going to starve either way.",assertion
"You shouldn't play with fire but if you have an adult then you can safely see this:
If you have 10 sticks of wood to burn and you put them all in a pile and ignite them, it will burn big and hot, then go down to coals, then get cold.
If you instead light 1 stick and then let it burn, but before it goes out you add another stick, and continue this, you can have a smaller fire for longer.
With food instead of sticks, you can see that rationing can keep starvation away longer.",analogy
"Think of it like a small water wheel and you have a 5 gallon bucket of water. You can poor the whole bucket quickly and the wheel will spin fast but it will be over quickly and likely a bunch of water will spill over the sides and be wasted, not actually contributing to the movement of the wheel at all. Now pour the bucket slowing allowing the wheel just enough water to get it spinning and maintain a constant speed and your wheel will spin for a much longer time until the water runs out and none is wasted.",analogy
"Rationing is key to surviving specific circumstances, but you also have to be smart. Many a person has been found dead to the elements with water still on them",assertion
"does rationing actually stop the panic buying, or does it just stretch out the shortage? im curious if there are historical examples where it backfired and made people hoard more.",reaction
"It doesn't always & different situations call for different approaches. I've done a lot of survival training both on land & sea.At sea it usually best to ration & conserve energy until you're rescued, because that's usually your only option.",analogy
"A glass of water is pushing it for 48 hours.
No food, for the vast majority of people is not going to end them in 48 hours. You probably get more benefit from whatever latent moisture there is in the chocolate than the chocolate itself.",assertion
"your body needs constant energy, not spikes. rationing prevents crashes and weakness.",assertion
"A single glass of water or chocolate bar is such a small amount it probably wouldn't make much of a difference. But if you did have larger quantities, it would help. Your body can only absorb so much of specific nutrients at a time. So consuming all at once, you run the risk of your body ""wasting"" the excess it doesn't need at that very moment. ",reasoning
Practice and muscle memory. You know how babies are bad at these things? It's because they haven't practiced enough,assertion
"Anyone who has ever injured their dominant arm even temporarily should know that doing trivially easy tasks with the arm you've done them with 10,000 times is surprisingly difficult/awkward to do with your other arm, and you'd never realize it because you simply never tried it.",analogy
"Working remotely during covid, I had to learn to sign documents with my mouse. No stylus. And I'm a lefty who mouses righty. I only had to do it once to set it up in Acrobat, but I swear it must've taken 100 goes to look even kinda like my signature",analogy
I discovered this when I injured my dominant hand and for a while had to clean my teeth with my non-dominant hand. I couldn't believe how clumsy it was.,reaction
"You're not alone. Lots of people do this. There's a long list of games that support optional Y-axis inversion: https://www.pcgamingwiki.com/wiki/List_of_games_that_support_mouse_Y-axis_inversionThere's various reddit threads on it, search 'y-axis inversion'.There's even been research papers published on it: https://pmc.ncbi.nlm.nih.gov/articles/PMC12185817/",reasoning
"I had to do the same in early 2006. God, using the computer was so hard! I remember that at first I had a very hard time doing anything because every time I tried to click I moved the mouse.I ended up left-hand mousing for about 10 years before switching back to right-hand mousing, but even after that much time I never got anywhere near as quick and precise as with my right hand.That said, even after 10 of not using my left hand, I still can almost as well as I could back then, which is handy at times.",analogy
"I think this is more about fine motor control rather than whether or not a task is easy.It takes a much greater degree of control to hold a pencil in your fingers and make miniscule muscle movements in order to write your name, something you're simply not skilled at with your non-dominant hand. Same goes if you had to calculate the exact grip, force, and angle needed to throw a dart.But if someone gave you a big paintbrush and asked you to slap wide slaths of paint on a wall with your non-dominant hand, or to pick up a handful of loose coins, you'd have no issue.",analogy
I can swap most things i do on my left hand to right hand. not so much the other way around due to my right hand be used for strength and the world being right handed and left for writing etc.,reaction
I tried to brush my teeth last night with my left hand. Man was that harder than expected.,reaction
"Muscle memory. Coordination. Years of practice.This is like, ""how do you not just smash a drinking glass into your face every time you try to take a drink???""You did. When you were a toddler. Now you don't. Practice.""When you go to get up, how come you don't just blast out of your chair and go flying over backwards?""You did. As a toddler. Then, after years and years, you learned not to.""When you go to say hi to someone, why don't you shout at the top of your lungs every single...'",analogy
"Experience.Which is why when the object looks like something it should be, but isn't, things get wonky.Go to pick up a gallon of milk in the dark and it turns out to be empty? You'll lift it a good bit faster then you intended until you can react. Pick up a Tungsten cube thinking it's, well, anything else? You'll have a hard time and will be confused because it's stupidly dense.",analogy
"We don't. The other answers have it partly right: we do make some predictions. But actually the more important factor is how we adjust our movements on the fly.
There's two important brain parts in this story. There's a stripe of brain stuff running between our ears called the 'sensory motor cortex', which is the main 'moving and feeling' bit. And in the back of your brain, there's this little 'mini brain' looking thing. That's your cerebellum. It's important for fine tuning.",reasoning
"They don't, at least not the way you're talking about.Our brains don't calculate how much force to use, they estimate by comparison, and then adjust for feedback.Before we try to pick something up, we normally get a chance to look at it first. Looking at an object lets our brains try to find a match to an object that is similar to what we're looking at and which we've picked up before. If we see a cubish-looking thing covered in fabric, our brains think ""that looks like a pillow or a cushion, and we know how much that weighed the last time we picked one of those up"". If we see a 2-liter plastic bottle filled with liquid, our brain think ""OK, we've picked up bottles like this filled with liquid before, and we know how much it weighed the last time"". Sometimes, our brains have extra information: ""Oh, there's a cardboard box outside my door. Maybe it's the blackout curtains I ordered"".",analogy
"Incomplete answers in this thread. The real answer is that your brain will stimulate your muscles based on its perception of the weight of the object, recruiting a certain number of muscle fibres to lift that object but there's also a real time calculation happening as you lift.If you lift it and it's heavier than expected, e.g. a full glass that you thought was empty, you reflexively recruit more muscle fibres via a spinal cord reflex that's completely involuntary.",reasoning
"You don’t calculate anything. Theres a gradient involved. When you prepare to pick it up, by touching the holdable part of the object, you haven’t exerted much force. We start at 0 joule/s. At that point, understandably, the object won’t bulge at all.Then, your brain instinctively tells you to add more energy to your upward pull (+1,+2 joules). theres a bit more reaction from the object but your brain notices it needs more energy to pull up against the Earth’s gravity so you keep adding more until you do lift it up. That’s a potential energy gradient because you keep increasing(incrementing) the energy until you get to the lift scenario.",reasoning
"A particular memory or experience is encoded by a neural pathway, sometimes leading to a single neuron. Repeated experiences strengthen that pathway if they are similar enough. Different outcomes can form a different pathway, and that can strengthen the same way. Some believe that a single neuron fires for each memory, the so-called Grandmother neuron, like one that recognizes your grandmother’s face.",reasoning
"The brain had to learn it from trial and error. We're not born with that skill. Babies are terrible at picking things up. They basically try different pressures over and over until something works. Once it does, your brain saves that memory. My teacher described it like when you want to climb a mountain. The first several times, there's no path and you struggle to find your way to the top. Eventually you wear down a path, and then in the future it's laid out for you. You don't have to think, the path has already been made. Your brain makes paths for each little motion and saves them for future use. And it can reuse old templates for new actions that are similar.",analogy
"There's no calculation involved, you remember what similar objects weighed when you picked them up before.",assertion
Crazy how we tend to lose fine motor control after getting out of shape.,reaction
Reinforcement learning through trial and error + some vicarious learning through observation,assertion
There's no internal calculus done. It's not that fancy. It's just experience and muscle memory. You just intuitively remember just about how heavy an orange is. So you naturally apply just enough for e to pick one up. Pretty simple. ,assertion
"How often do you encounter an object you have 0 experience or knowledge of? It’s experience and the ability to make judgements. Metal is heavy, big block of metal is gunna be really heavy. Small book is light, big book is going to be heavier.If I showed you a box and told you it contained sponges but in reality it was full of bricks you’d over estimate the strength and force required to lift it.
It’s only when we come across things we’re not used to, tungsten, heavy water, lead, an unknown, that we loose this judgement and are surprised by our miscalculation.",analogy
It’s already been answered but I always think about how you can look at anything and know how it’d feel if you licked it.,reaction
What’s weird to me is that I know the exact amount that I will have to push a pole that is leaning to make it straight. If you just push it back straight it will lean again but if you over straighten it by an amount it will stop straight when the force is removed. This would be some serious math to calculate the size of the pole and some how take into account the type of soil and its compactness.,reaction
Years of practice. You have horrible motor skills as a child. No sense of weight or grip. Over time we learn to estimate work needed based on work done previously. But it’s not perfect. There are times when we say “I got this” and we clearly don’t got it. Or when we go to pick something up and it’s much lighter than expected and we fall over for using too much force.,analogy
"""Perfectly""?I've such a klutz I'm still trying to master this.",reaction
We have these super advanced organic math processors on top of our neck.,assertion
"Everyone is saying prior experience plays a large part, and while this is correct (especially when dealing with the weight of an object), research also suggests that your brain uses feedback from the pads of your fingers to adjust grip pressure based on friction.Basically, when you go to pick something up, your brain adjusts how much pressure you put on it based on how much it slips against your fingertips. This process happens very fast, but not instantly. But that's ok, because your skin is slightly grippy already, like rubber. The natural grippiness of your skin buys time for your brain to adjust your grip pressure for a firmer hold. This is how we can grip even somewhat slippery objects without dropping them.Source",reasoning
"We don't calculate the force before picking it up. Our brain performs hit and trial after picking it up. The moment you pick it up, the force might be high or low. Depending on that you decrease or increase the force.",assertion
"Our brains are incredibly good at doing very complex calculations. We can do many such calculations simultaneously. We’re doing calculus all the time. The fact that you can bend over, pick up a rock, and throw it at a fence post while maintaining your balance and keeping track of people nearby, traffic on the street, and the positions of the sun and birds flying overhead all at the same time—far beyond what any software system could accomplish. And you’ve been doing that since you were a child.",analogy
"You already picked up a lot of different stuff during your life, so from experience you already have a reasonable expectation how much something will roughly weigh.",analogy
We don't calculate it perfectly. It's just practice and we often get it wrong,assertion
"Experience. If you watch a toddler try to pick up something they’ve never seen before, they will struggle with how much effort to use. It’s only when you get older that your collective experiences and memories will tell your body how much force to use. And even then it can still be wrong. I’ve damaged doors that look heavy, but are actually super light, by opening them too quickly.",analogy
"I mean, it doesn't?Most times we could probably get away with a fraction of the force used but in real terms it's not a huge difference.",assertion
"Your brain is constantly calibrating and recalibrating. Eventually it gets very good at predicting how much something will weigh, based purely on what you can see. But sometimes it gets it wrong, for example when you pick up a container expecting it to be full, but in fact it’s empty.",analogy
"Yesterday I picked up what looked to be a heavy ass glass mug, I lifted it expecting heavy. turned out to be plastic and I splashed the drink on myself",reaction
"Experience. Even as a kid you learn what you can and cant pick up. As you grow, that is always in your head, and your mind says things are xx size, odds are you can pick them up. You would add force when you need to if it's heavy",analogy
your brain's basically running constant physics simulations from past experience,assertion
"I work at fedex, You dont, I constantly miscalculate how heavy a box will be.",analogy
"Because the hot gas is lighter than air.Yes, in space flames are spherical.",assertion
Gravity is so weak we can lift things off the ground,assertion
"Fire is a process, it is a chemical reaction (or set of reactions) where fuel + oxygen becomes combustion products and heat is released. All of the chemicals involved are subject to gravity. Because of the heat release, the temperatures in flames are high, and flames don't exist in a vacuum, they are surrounded by air, generally much much colder air. The temperature difference means the chemicals in the flame are much lower density than the colder surrounding air, so buoyancy causes them to rise.",reasoning
"I suppose if you light a fire on a white dwarf or neutron star, the flames would fall downward instead of rising upward?",analogy
This. Flames and hot gases move upward for the same reason helium balloons rise in the air or a basketball floats in water. Gravity causes more dense fluids to push up on less dense things.,analogy
"Answer: Hot gas is less dense, like helium. So the heavier, cooler air around it gets pulled down and the hot fire air floats upward.",reasoning
"Heat causes the air to get hotter, which makes it less dense. The surrounding air is cooler and denser, so it is pulled down due to gravity and displaces the hot air, so the net effect is the hot air rising. This is called convection.",reasoning
"think about a mushroom cloud.hot stuff is going up the middle, rising up from the heat source, then cooling and falling down over the outside as it spreads out, moving further away from the heat, followed by more hot stuff rising up... A mushroom cloud makes it easier to see what's happening because its not just gas but also a lot of material too. so its much bigger and moves slower.fire is like that too but much smaller, faster, and more volatile and flickery as there is no material, just gas.",analogy
"So, although air seems thin and can be moved easily, it still behaves like fluid in the sense that if something is lighter, or is less dense it rises up. That’s how airships work, by using lighter gases to float like you’d float over the surface of water if you fill your lungs with air. That’s how a hot air balloon works.In space however, you’re right, the flame would be round, and the less dense air will not tend move to spaces unless a pressure gradient is itself directional.",analogy
"When you breathe out when underwater, the air bubbles go up because air is less dense than water, and the air will rest on top of the water. It is exactly the same with a flame: hot air is less dense than cold air, so the heated air from the flame bubbles up, and carries the flame with it.",analogy
Gravity in pushing the heavier air under the lighter air.,assertion
"Hot air and cold air both want to go down, but cold air is denser than hot air and when it goes down it says ""out of my way, hot air!""",analogy
"In space things are still acted on by gravity,",assertion
"The real question here should be, at what strength of gravity, and what chemical combusting, could a flame be pulled downwards.",reaction
Because gravity brings cool air down much more willingly than hot air,assertion
"blood pressure dropping, changing the pressure on the eyes.",assertion
"Close your eyes and press on your eyes with your hands. You'll see something, right, even after you open your eyes? That's because the cells in your eyes that respond to light also respond to pressure.When you take a blow to the head, your eyes and skull hit each other and that's pressure, so you ""see"" that signal for a bit. Your eyes are open, so the pinpricks of stimulus you ""see"" mix with the actual light you see.As other commenters have mentioned, losing blood pressure in the head can also create this pressure differential.",analogy
"The light sensing neurons in the back of your eyes are super sensitive. A lot of stresses other than light, including physical shock and some disease states, can set them off.",reasoning
"The idea that women crave certain things during pregnancy for nutritional reasons has never been proven.What we do know is that hormones like estrogen and progesterone surge during pregnancy and this can dramatically alter how things taste and smell.So, foods women normally enjoy might not be appealing and ones they normally don’t like might become very appealing.There are also other hormone and chemical changes that boost appetite and general craving for food.
Another interesting thing is that it seems somewhat culture dependent.Western women might crave things like ice cream or Mac and cheese. Japanese women might crave rice or ramen. What is fairly common across cultures is that these tend to be comfort foods.",reasoning
"Currently pregnant, southern woman here (in the heart of soul food country) and craving salads and vegetables, and completely avoiding anything heavy, sweet, or seasoned.We can look at overall trends and see how culture dictates them, but there's gotta be more to it than comfort. As you said, hormones change taste and smell, but aversions seem to go further than that. I can think of a food without smelling or tasting it and need to throw up. I'm sure that's related to the same mechanics, but I guess what I'm saying is there needs to be more research done. Like you said, nobody really knows.",analogy
"Obviously anecdotal, but both times I was pregnant I knew cause I suddenly started craving tuna and I do not typically eat tuna. Omega-3 is great for fetal development so I feel like there is some sort of connection with cravings and things we need.",analogy
"I wish more investigation would be done on this. I've found it so common for women to have an absolute revulsion to some foods seemingly overnight. Not just find certain food unappealing but being unable to be in the same room with it. And for cravings I knew that I craved one food to the point of singlemindedness, the closest I can relate it to is the craving I had for nicotine when I quit smoking",reaction
"Also, not all pregnant women experience cravings or food aversions. It's not universal.",assertion
I had an aversion to water so I’m guessing that’s not evolutionarily beneficial. Pregnancy is weird.,reaction
"Cravings get a lot of jokes on TV, but food aversions are more common in pregnancy.I have friends who ended up with hyperemesis gravidarium that caused them to throw up and renounce most foods to the point that they ended up in the hospital for dehydration.It’s hard to imagine our bodies deliberately causing nutritional deprivation to the point that it’s harmful to the mother and the baby. I’d wager it’s more chemical signaling in the body misfiring / going haywire. As another commenter said, when your hormones change, it impacts how foods taste. That just might be an evolutionary accident.",analogy
"hormones are all haywire so i don't think everything is logical 100% of the time, and some food provides instant gratification which the body wants and is being pushy about",assertion
"Women often crave meats and chocolate before they get their period. That's not just random, those foods contain plenty of iron (meat) and magnesium (cocoa/chocolate) which helps with balancing out the blood loss and mitigating cramps.Studies have also found that eating 4 to 6 dates a day can make birth in pregnant women faster and easier. Knowing those things means that the cravings probably benefit the woman, baby or pregnancy in some way.",reasoning
Pregnancy cravings are strongly shaped by culture. You’re not seeking out particular nutrients.,assertion
Studies have also found that eating 4 to 6 dates a day can make birth in pregnant women faster and easier,reasoning
"With my first pregnancy I had an absolutely genuine craving for Shrimp, which I never ate/liked before, and never ate again after the birth. 
Second pregnancy was the usual craving, Chips Ahoy Chocolate Chip Cookies.",reaction
I think it’s just a side effect of the huge hormonal changes in pregnancy ,assertion
"On a very anecdotal note, towards the end of my pregnancy with my oldest son, I could not abide creamy sauces. Think Alfredo sauce, even some Mac and cheese, they both made me want to throw up. I never had problems with those before. My now 24 year old son completely avoids rich creamy sauces. They make him gag.My co-worker experienced something similar with avocado. During both of her pregnancies she couldn’t eat it but afterwards it was fine. Both of her children refuse to eat avocado. They are not super picky eaters, but neither one will have anything to do with avocado.I don’t have enough evidence to suggest this as a legitimate theory, but it is pretty interesting.",analogy
"Some women take the opportunity to indulge in things they would have wanted to eat anyway but denied themselves for health reasons, like sweets and fast food, and blame ""pregnancy cravings""I ate a lot of olives when I was pregnant with my second kid, the brine contains both sodium and potassium salts and I got leg cramps with my first. I loved chicken liver (fried with onions, capers and cream, served with potatoes) and I was very anaemic. A friend of mine started drinking milk towards the end of her pregnancy. I never felt the need to make someone drive to the store for olives in the middle of the night but my would wake up at night and drink milk sometimes",analogy
"Adderall is a dopamine reuptake inhibitor, so when cells release dopamine it allows it to swim around longer doing it's thing before getting pulled back into the cell.",reasoning
"To expand on that: the reason this matters is because ADHD is essentially your brain looking for ways to be happy. You start to Do The Thing, you get a dopamine hit, then your brain sucks up the happy chemical and Doing The Thing no longer makes you happy, so your brain goes looking for a new Thing To Do to get more happychemical.Byy taking an uptake inhibitor, the happy chemical stays and Doing The Thing continues to make you happy, so you can continue to Do More Of The Thing without your brain nagging at you to Try That Different Thing.",analogy
Ritalian is a dopamine reuptake inhibitor. Adderall is an amphetamine,assertion
"it's easy for carbon atoms to bind with other atoms that are very plentiful and the bonds are pretty stable, e.g. oxygen, hydrogen, nitrogen",assertion
Carbon make 4 friends at once. Other element no make many friends,analogy
"Because carbon forms more compounds than all other elements combined. Significantly more. There are about 500,000 known inorganic compounds and about 19 million known organic compounds.",reasoning
"It kind of stops being organic chemistry and becomes biochemistry at a certain point. Theoretically there are infinitely many carbon-based molecules, but they become uninteresting from a purely chemical standpoint. It's why we call it polyvinyl chloride and not 2, 4, 6, 8, 10, 12, 14, 16, 18, 20, 22, 24, 26, 28 tetradecachloro-triacontane. There's no need to differentiate between different lengths of PVC chains. But when you start pointing out how a handful of those chemicals fold a certain way that makes them absolutely perfect to catalyze a chain of reactions to take water, carbon dioxide, and energy from certain wavelengths of light and synthesize glucose, it gets really interesting again.",reasoning
Carbon is somewhat unique in the sheer number of bonds and connections it can make. The number of possibilities for its chemical variety are waaay more than most other atoms.,assertion
Carbon is tetravalent; it's atoms can form up to four covalent bonds. It is also highly reactive and thus highly diverse in the compounds that it can form. It can act as a sort of link in a chain of complex molecules. Carbon has its own branch because the chemistry it makes possible is complex enough to warrant it.,reasoning
"i remember when i was in school it used to make sense, and now it's just gibberish",reaction
"Carbon is tetravalent and also quite reactive. There are other tetravalent elements: silicon, germanium, tin, lead, titanium, zirconium and hafnium, to name a few. However, they are significantly less reactive than carbon and form less stable bonds.",reasoning
I like to ask Chemists if they have any of that pentavalent Carbon; the good ones usually laugh.,reaction
"Carbon is very sociable! It likes to surrounded by others (up to 4 at a time- which is a lot relative to most other atoms) and it keeps its freinds close (short, strong bonds) this means there are soooooo many interesting chemicals where carbon is like a ""backbone"" silicon is similar but the bonds are not as strong.",analogy
"Carbon is the building block of life as we know it. It has a number of very useful properties that make it great for this specifically. One of the larger benefits is its ability to form stable bonds with itself, as well as other common atmospheric elements like hydrogen and oxygen. Because of its ability to form bonds with itself easily, Its able to form polymers easier than other elements. A polymer, in simple terms, is just a long chain of repeated elements that form a much larger element together. such as cellulose. Organic Chemistry thus is an extremely important subfield of chemistry since its directly dealing with these large carbon based, and life based, chemistry. Note that it differers from biochemistry which is more to do with chemical processes within a living organism, rather than the chemistry brings about that life.",reasoning
"This should be the top answer. Yes, it's an extremely versatile atom but it's also what WE are made of.",reaction
Because organic chemistry is incredibly important economically and biologically.,assertion
"Answer: Carbon has two things going for it 4 open electron places in its shell and all those one-electron orbitals very close to the nucleus, making it has at once stable single or double bonds via sharing electrons with other element particular other carbon atoms.That allows it to have a wide range of chemistry. Other atoms either have an electron in an orbital further from the nucleus, so weaker bonds, or more or else electrons in orbitals, making them less able to bond with other atoms compared to carbon.",reasoning
"It's because, as a carbon based life form, we humans are biased toward carbon..",analogy
Carbon doesn't just get it's own branch of chemistry. Biology and all the medical sciences are also largely about what carbon does,assertion
Because “carbon is the unrivaled master of covalent bonding” — from a highschool chemistry video we watch that burned the information into my brain,analogy
"If you found silicon-based or sulfur-based life forms, who evolved on planets full of those elements and based on their chemistry, they would have a branch of study dedicated to their chemistry, too.",analogy
"Imagine that atoms are Lego. Carbon is the rectangular piece that is two dots by four dots big.Now imagine that the forces of nature is a room full of five years olds. After they get their hands on a giant tub of assorted legos, likely the most used piece is the 2x4 piece because it’s a good size and its dimensions fit most other pieces in a useful way.That’s carbon.",analogy
The sheer insolence of a carbon based life-form asking this question,reaction
Because carbon is everywhere. Because carbon bonds to lots of things in lots of ways. Because it forms the basis of every living thing.,assertion
i always wondered if silicon could have its own branch too since it's right below carbon on the table. does it just not form the same complex bonds?,reaction
"Brother got 4 valency so everybody cool with him. He is like naruto, so datebayo brother.",analogy
"There is something like 20 million known natural of synthetic organic (carbon based) compounds, but 500,000 to 1 million inorganic compounds.Carbon's ability to form bonds with other atoms, including itself in long chains is unique and unparalleled.",reasoning
"Also it has the ability to form chains with itself, which not many atoms have",assertion
"Your eyes tell your brain your stationary (in a car/ boat) but your ears (sense of balance) tell it you move. They can't be true at the same time. This contradiction could be the result of intoxication, so one of the quickest helpful action would be to ""evict"" the content of your stomach, so no further harmful substances may be absorbed.That's also why it helps to sit in the front seat or at deck on the boat - this gives you better visual indication that you actually move.",reasoning
"Aircraft pilots and ship captains rarely develop motion sickness, but this 'immunity' needs to be built up over time.",analogy
"My ex-wife had to be the driver or she would get sick. That was nice because I can read in the car without any issues, so I got a lot of reading done while on the road.",reaction
"Because the symptoms can be similar to poisoning, and your brain tells your body to get rid of the bad the poisoned food. At least that’s how I remember.",assertion
"Motion sickness is caused when your brain receives conflicting information from the various parts of your body that sense movement.Your inner ears signal to your brain about acceleration and gravity; your eyes track visual movement; and your muscles, joints and inner organs (especially your guts) signal to your brain how each part of the body is shaped and moving relative to the rest of the body.When these signals all match up, the brain interprets this as everything being normal. But when these signals start to mismatch, it raises an alarm in the brain that something is very, very wrong.",reasoning
"Your inner-ear feels something, your eyes see something else, your brain gets confused and think you got poisoned, then you throw up.",assertion
Your brain doesn’t know the difference between motion sickness and poisoning and it really wants to get rid of the poison,assertion
"Its a natural body defense, your mind assumes its been poisoned, and the best way to remove possible contaminants in your stomach / system is to expel it all out.",assertion
"Your neck has two tubes. One for air that goes to your lungs, the other for food and drink which goes to your stomach. When food goes down the wrong pipe, it goes towards your lungs. Food in your lungs is really bad. To prevent this, the body makes you cough to force the food back out.",reasoning
"I have PLS and not it's moving to my upper body. I went to take a drink of plain water and it headed straight for my lungs. Fortunately, the cough reflex still worked that day. I have had aspirational pneumonia from food going down the wrong side.",analogy
Just for knowledge purposes the “tubes or pipes” are the esophagus for food and drinks and trachea for breathing.,assertion
"I love it that in English you use latin words for body parts, while in German we just say ""food pipe"" and ""air pipe"".",reaction
"When you are at the tattoo parlor, and the artist asks if you have decided what you want, you tell them you don't want one.",analogy
Go under local anaesthesia and have the laser. At least you won't feel most of it until you wake up,analogy
Doing a procedure that doesn't cause pain anywhere but the skin is the ideal use case for local anesthesia. General anesthesia would be overkill unless it's a very large tattoo.,assertion
There is no way to remove ink from skin without pain,assertion
"If you get the area anesthetized, maybe, but that's often not really an option. Tattoo parlors and clinics that offer tattoo removals rarely have the necessary equipment, personnel, and licensing to do local anesthetics. Most offer topical numbing creams or use cooling techniques to numb the area, which doesn't require anything special.",reasoning
I have done two LASER removal sessions to fade an old tattoo I’m planning to cover up eventually. It is quick and basically feels like someone snapping a rubber band on your skin a few dozen times. It’s honestly NBD.,analogy
"Economics. China made itself the factory of the world and for a long time that has in fact bolstered their economy. So they actually have (or at least had) the money to spend on building up their cities and factory towns in order to support more of the same kind of growth. That growth allowed them to take more and more high value and higher tech manufacturing until they got to where they are now, which is the start of them building their own competing high tech products.India is not really making many high tech goods and globally they don't produce nearly as much as china does. And even though populations are similar, education levels and general skill levels are not. India still has an up hill battle to educate their own people and also build the basic infrastructure required to even begin to climb the tech tree.",reasoning
"Given the discrepancy, I'd say institutional corruption in India is to blame, and not economics. I.e. culture.",assertion
Most developing countries have huge corruption problems. ,assertion
"Also, India has been a much more divided nation than China. China has had an authoritarian top-down control type state government controlling (on paper) all aspects of society, with massive propaganda campaigns to keep people on the same page, control religion, etc, etc. India has been a lot more fragmented and chaotic on pretty much every level.",reasoning
"I have asked this same question about China and The United States. The quasi communist/capitalist economy and government allow the focusing of resources (money and labor) like no other nation. For example, the government wants trains, they focus massive spending at that. The US does this with military spending. The government also gets a return on their investment (or takes some of the profit), unlike capitalist nations which let the billionaires keep the profit.They can also bypass any environmental or cultural obstructions that would stand in the way.",analogy
"Corruption is not equal in both places, that's hilariously absurd and blatant propaganda.",reaction
I agree with everything you said except claiming the corruption is equal between the two nations.,reaction
Very likely it’s the political system. Indian democracy equates to only appease the people who will likely vote for them to include appeasing based on religious ideology. China is more like a pseudo democracy where there’s only one party and thy will do whatever they feel needs to be done to move forward to include curtailing human rights.,analogy
"China has a centralized government, they get shit done quick.India at the start of independence was a country with a very high illiteracy rate — even higher than China’s. How ""illiterate"" is defined differs between the two countries, the point is that they didn’t have the same starting point.If you look at a factory in China, you will see both men and women working. In India, most of the workers are men. They earn more, they buy moreMarketing: Most, if not all, of the fancy stuff you see from China comes from its big cities. The rural regions are not that nice",reasoning
"You're on the wrong sub, but if you want the simplest answer, population is not the only factor to developing infrastructure.",assertion
"Sorry but i have lived in China and you defintely see people letting their kids take a shit in the middle of the street , also funny enough every higher up i have met in the chinese goverment for some reason was loaded, corruption.",analogy
It comes from the top. India's so chaotic and China is more focused,assertion
What’s more astounding is how good it is and becoming better than America. The failed art of capitalism.,reaction
CORRUPTION. RELIGION. I would have said human nature but that won't be right. Just too much hatred for others. ,reaction
Nonsense. All of that applies to India as well.,reaction
There's bacteria that live in our digestive tracts - intestines and whatnot - that help us in various ways. It's a symbiotic relationship.Probiotics help those colonies of bacteria grow and thrive. Mainly by just adding more known-good bacteria.,reasoning